100,Shanon42,Kathlyn.OReilly@yahoo.com
101,Mitchell_Yost85,Kip_Runolfsdottir80@yahoo.com
102,Kurt2,Althea.Huel64@yahoo.com
103,Oran.Prosacco90,Demetris.Roob25@hotmail.com
104,Rosalind_Kertzmann,Concepcion_Wisoky54@hotmail.com
105,Rebeka_Kihn69,Imogene_Becker35@hotmail.com
106,Erwin_Wisoky,Chesley19@gmail.com
107,Orrin61,Pamela_Hansen24@gmail.com
108,Barrett_Marvin70,Lora_Mitchell@gmail.com
109,Einar89,Heidi.Bartell@gmail.com
110,Rick.Prosacco13,Hosea.Baumbach11@yahoo.com
111,Alva_Daniel21,Antwon56@gmail.com
112,Leopoldo71,Glenda25@gmail.com
113,Rasheed59,Perry72@hotmail.com
114,Odie20,Adelbert_Lindgren92@gmail.com
115,Guillermo59,Nicholaus24@yahoo.com
116,Antonina_Borer,Letha_Klocko@gmail.com
117,Karina77,Edna_Franecki75@hotmail.com
118,Elaina_Heaney,Unique_Kautzer97@yahoo.com
119,Chandler69,Lora.VonRueden@hotmail.com
120,Mabel87,Rocky.Kilback@hotmail.com
121,Elias.Pouros,Frederic20@gmail.com
122,Jovany44,Lempi36@hotmail.com
123,Oral_Leannon31,Arvilla18@yahoo.com
124,Claudine.Sawayn,Carlo16@yahoo.com
125,Magdalen.Ritchie,Jedidiah83@hotmail.com
126,Andrew94,Francisca_Cormier20@yahoo.com
127,Laura52,Dino25@gmail.com
128,Fatima37,Mohamed35@hotmail.com
129,Marcel85,Chaim31@yahoo.com
130,Alycia39,Adrianna_Osinski@hotmail.com
131,Sim0,Matilde15@yahoo.com
132,Dorian_Stiedemann55,Branson10@hotmail.com
133,Marianne_Carter,Justus_Kuphal18@gmail.com
134,Desmond.Tillman,Roberto.Lesch76@hotmail.com
135,Alana65,Adrian7@gmail.com
136,Florence.Parisian78,Edyth.Haley@hotmail.com
137,Sim11,Garfield54@gmail.com
138,Kaylee.Mitchell,Rudolph.Kuphal@hotmail.com
139,Hardy_Marquardt23,Reymundo.Roob24@gmail.com
140,Timmothy.McDermott,Hoyt77@gmail.com
141,Brandt_Gutmann51,Shanelle_Sporer11@hotmail.com
142,Eleazar4,Marcia_Pouros83@yahoo.com
143,Domenico_Krajcik,Adeline31@gmail.com
144,Benjamin_Kirlin23,Chanel_Nader55@gmail.com
145,Maude86,Elmore_Pacocha@hotmail.com
146,Laila_Kutch86,Miracle_Lakin70@yahoo.com
147,Ricky.Welch,Fleta.OConner4@hotmail.com
148,Odell62,Mavis70@hotmail.com
149,Maryse.Tremblay76,Earline_Boyle14@yahoo.com
150,Clovis.Breitenberg88,Davion_Osinski29@gmail.com
151,Herbert.Gerlach34,Theodore_Rolfson@hotmail.com
152,Keara_Batz43,Ciara84@hotmail.com
153,Devonte_Runolfsdottir,Rosanna.Lehner27@hotmail.com
154,Harold14,Branson96@yahoo.com
155,June31,Georgette13@gmail.com
156,Salvatore33,Bonita.Hermann34@hotmail.com
157,Winston.Rempel15,Dorcas.Rau20@hotmail.com
158,Jackie47,Sabryna76@yahoo.com
159,Rosemary.Herzog90,Lane82@gmail.com
160,Estel_Rutherford,Keaton.Wisoky@yahoo.com
161,Louvenia.Lesch80,Domenic51@yahoo.com
162,Alphonso_Harris,Jovany.Kertzmann@yahoo.com
163,Zechariah42,Guiseppe40@yahoo.com
164,Lyda35,Twila_Cartwright@gmail.com
165,Hildegard_Tremblay,Reba.Ward69@yahoo.com
166,Kamron_Mraz,Chaz_Champlin31@gmail.com
167,Ida.Blick,Margie_Spencer11@yahoo.com
168,Gail.Mueller,Dawn.Murray@yahoo.com
169,Jarrett.Abernathy,Harold.Dach@yahoo.com
170,Selena64,Floy_Luettgen82@hotmail.com
171,Clinton41,Kaden_Effertz53@yahoo.com
172,Donna31,Oren.Huels@yahoo.com
173,Andreane_Stamm21,Gladys_Weissnat83@yahoo.com
174,Marcia.Tillman3,Kylee.DAmore@hotmail.com
175,Miguel.Terry74,Moises43@gmail.com
176,Merlin_Barton93,Garrett_Murray@gmail.com
177,Herminio_Marquardt90,Uriah_Strosin8@gmail.com
178,Alysa28,Jamie_Wunsch30@hotmail.com
179,Kristian_Greenfelder,Kristina.Okuneva@hotmail.com
180,Emmett.Connelly,Carlos_Lang@yahoo.com
181,Zella.Crona,Rey.Terry39@gmail.com
182,Blaze61,Jordane_Corwin98@gmail.com
183,Henri89,Arlo_Beier@gmail.com
184,Ubaldo_Bahringer,Barton36@hotmail.com
185,Forest67,Eve8@yahoo.com
186,Thelma95,Junior_Mayer34@gmail.com
187,Justyn.Ullrich,Carlee_Keebler@gmail.com
188,Vern4,Wyman2@hotmail.com
189,Ona13,Flossie_Littel82@gmail.com
190,Modesto.Rice,Evalyn.Kirlin@yahoo.com
191,Derick33,Nicholaus.Roberts57@yahoo.com
192,Violette54,Shane72@yahoo.com
193,Alford98,Elouise_Lindgren60@gmail.com
194,Lane93,Myrtie68@hotmail.com
195,Woodrow.Ankunding,Khalid_Kshlerin@hotmail.com
196,Taurean_Powlowski67,Margarette.Torphy22@gmail.com
197,Zoila.Zemlak42,Kaleb_Schuster@gmail.com
198,Kaya86,Ricky.Waelchi23@gmail.com
199,Gussie.McGlynn,Amparo.Prosacco34@yahoo.com
